"МОПРа площадь, 10",ftp://upload.v-zabote.ru/data/pricelists/org-45/price-475.xml
"Академика Королёва, 24",ftp://upload.v-zabote.ru/data/pricelists/org-45/price-476.xml
"Ленина проспект, 64д",ftp://upload.v-zabote.ru/data/pricelists/org-45/price-477.xml
"Победы проспект, 111",ftp://upload.v-zabote.ru/data/pricelists/org-45/price-478.xml
"Молодогвардейцев, 35б",ftp://upload.v-zabote.ru/data/pricelists/org-45/price-479.xml
"Братьев Кашириных, 104",ftp://upload.v-zabote.ru/data/pricelists/org-45/price-480.xml
"Молодогвардейцев, 31",ftp://upload.v-zabote.ru/data/pricelists/org-45/price-481.xml
"Каслинская, 21",ftp://upload.v-zabote.ru/data/pricelists/org-45/price-482.xml
"Победы проспект, 158",ftp://upload.v-zabote.ru/data/pricelists/org-45/price-483.xml
"Молодогвардейцев, 53",ftp://upload.v-zabote.ru/data/pricelists/org-45/price-484.xml
"40 лет Победы, 37 / 250 лет Челябинску, 11",ftp://upload.v-zabote.ru/data/pricelists/org-45/price-485.xml
"Кирова, 19",ftp://upload.v-zabote.ru/data/pricelists/org-45/price-486.xml
"Братьев Кашириных, 95а",ftp://upload.v-zabote.ru/data/pricelists/org-45/price-487.xml
"Салавата Юлаева, 27",ftp://upload.v-zabote.ru/data/pricelists/org-45/price-488.xml
"Чичерина, 35в",ftp://upload.v-zabote.ru/data/pricelists/org-45/price-489.xml
"Молодогвардейцев, 32",ftp://upload.v-zabote.ru/data/pricelists/org-45/price-490.xml
"Каслинская, 97б",ftp://upload.v-zabote.ru/data/pricelists/org-45/price-491.xml
"Захаренко, 4",ftp://upload.v-zabote.ru/data/pricelists/org-45/price-492.xml
"Солнечная, 20",ftp://upload.v-zabote.ru/data/pricelists/org-45/price-493.xml
"Комсомольский проспект, 36",ftp://upload.v-zabote.ru/data/pricelists/org-45/price-494.xml
"Комсомольский проспект, 86",ftp://upload.v-zabote.ru/data/pricelists/org-45/price-495.xml
"Комсомольский проспект, 26",ftp://upload.v-zabote.ru/data/pricelists/org-45/price-496.xml
"Свердловский проспект, 11 / Островского, 12",ftp://upload.v-zabote.ru/data/pricelists/org-45/price-497.xml
"Кыштымская, 14 / Победы проспект, 180",ftp://upload.v-zabote.ru/data/pricelists/org-45/price-498.xml
"Победы проспект, 192",ftp://upload.v-zabote.ru/data/pricelists/org-45/price-499.xml
"Рязанская, 12",ftp://upload.v-zabote.ru/data/pricelists/org-45/price-500.xml
"Бейвеля, 3",ftp://upload.v-zabote.ru/data/pricelists/org-45/price-501.xml
"Островского, 41",ftp://upload.v-zabote.ru/data/pricelists/org-45/price-502.xml
"Победы проспект, 392",ftp://upload.v-zabote.ru/data/pricelists/org-45/price-503.xml
"Комсомольский проспект, 103а",ftp://upload.v-zabote.ru/data/pricelists/org-45/price-504.xml
"Победы проспект, 159",ftp://upload.v-zabote.ru/data/pricelists/org-45/price-505.xml
"Комсомольский проспект, 107",ftp://upload.v-zabote.ru/data/pricelists/org-45/price-506.xml
"Тухачевского, 11",ftp://upload.v-zabote.ru/data/pricelists/org-45/price-507.xml
"Масленникова, 8",ftp://upload.v-zabote.ru/data/pricelists/org-45/price-508.xml
"Новороссийская, 61",ftp://upload.v-zabote.ru/data/pricelists/org-45/price-509.xml
"Копейское шоссе, 7",ftp://upload.v-zabote.ru/data/pricelists/org-45/price-510.xml
"Кронштадтская, 30",ftp://upload.v-zabote.ru/data/pricelists/org-45/price-511.xml
"Дзержинского, 93а",ftp://upload.v-zabote.ru/data/pricelists/org-45/price-512.xml
"Новороссийская, 84",ftp://upload.v-zabote.ru/data/pricelists/org-45/price-513.xml
"Гагарина (Ленинский), 58",ftp://upload.v-zabote.ru/data/pricelists/org-45/price-514.xml
"Харлова, 1 / Гагарина (Ленинский), 2",ftp://upload.v-zabote.ru/data/pricelists/org-45/price-515.xml
"Суркова, 11",ftp://upload.v-zabote.ru/data/pricelists/org-45/price-516.xml
"Гагарина (Ленинский), 25",ftp://upload.v-zabote.ru/data/pricelists/org-45/price-517.xml
"Гагарина (Ленинский), 13",ftp://upload.v-zabote.ru/data/pricelists/org-45/price-518.xml
"50 лет ВЛКСМ, 11",ftp://upload.v-zabote.ru/data/pricelists/org-45/price-519.xml
"Богдана Хмельницкого, 14 / Жукова, 5",ftp://upload.v-zabote.ru/data/pricelists/org-45/price-520.xml
"Черкасская, 4 / Комаровского, 1",ftp://upload.v-zabote.ru/data/pricelists/org-45/price-521.xml
"Богдана Хмельницкого, 27 / Липецкая, 6",ftp://upload.v-zabote.ru/data/pricelists/org-45/price-522.xml
"60 лет Октября, 10",ftp://upload.v-zabote.ru/data/pricelists/org-45/price-523.xml
"Сталеваров, 60",ftp://upload.v-zabote.ru/data/pricelists/org-45/price-524.xml
"Металлургов шоссе, 5",ftp://upload.v-zabote.ru/data/pricelists/org-45/price-525.xml
"Трудовая, 10",ftp://upload.v-zabote.ru/data/pricelists/org-45/price-526.xml
"Сталеваров, 45",ftp://upload.v-zabote.ru/data/pricelists/org-45/price-527.xml
"Комарова, 131",ftp://upload.v-zabote.ru/data/pricelists/org-45/price-528.xml
"Комарова, 110",ftp://upload.v-zabote.ru/data/pricelists/org-45/price-529.xml
"Лермонтовский 1-й пер, 3 / Бажова, 44",ftp://upload.v-zabote.ru/data/pricelists/org-45/price-530.xml
"Кудрявцева, 75а",ftp://upload.v-zabote.ru/data/pricelists/org-45/price-531.xml
"Танкистов, 136",ftp://upload.v-zabote.ru/data/pricelists/org-45/price-532.xml
"Марченко, 25 / 1 Пятилетки, 4",ftp://upload.v-zabote.ru/data/pricelists/org-45/price-533.xml
"Героев Танкограда, 55 / Котина, 28",ftp://upload.v-zabote.ru/data/pricelists/org-45/price-534.xml
"Эльтонская 2-я, 26",ftp://upload.v-zabote.ru/data/pricelists/org-45/price-535.xml
"Салютная, 11",ftp://upload.v-zabote.ru/data/pricelists/org-45/price-536.xml
"Худякова, 12 к2",ftp://upload.v-zabote.ru/data/pricelists/org-45/price-615.xml
"Черкасская, 15",ftp://upload.v-zabote.ru/data/pricelists/org-45/price-616.xml
Степана Разина 4,ftp://upload.v-zabote.ru/data/pricelists/org-45/price-768.xml
"Цвиллинга, 66б",ftp://upload.v-zabote.ru/data/pricelists/org-45/price-773.xml
"Победы проспект, 137",ftp://upload.v-zabote.ru/data/pricelists/org-45/price-942.xml
Проспект победы 382а,ftp://upload.v-zabote.ru/data/pricelists/org-45/price-987.xml
"Кронштадская, 30",ftp://upload.v-zabote.ru/data/pricelists/org-45/price-1006.xml
"Тепличная, 3",ftp://upload.v-zabote.ru/data/pricelists/org-45/price-1007.xml
"Каслинская, 97б",ftp://upload.v-zabote.ru/data/pricelists/org-45/price-1009.xml
"Худякова, 12 к2",ftp://upload.v-zabote.ru/data/pricelists/org-45/price-1010.xml
"Каслинская, 97б",ftp://upload.v-zabote.ru/data/pricelists/org-45/price-1011.xml
"Худякова, 12 к2",ftp://upload.v-zabote.ru/data/pricelists/org-45/price-1012.xml
"Худякова, 12 к2",ftp://upload.v-zabote.ru/data/pricelists/org-45/price-1013.xml
"МОПРа площадь, 10",ftp://upload.v-zabote.ru/data/pricelists/org-45/price-1014.xml
"МОПРа площадь, 10",ftp://upload.v-zabote.ru/data/pricelists/org-45/price-1015.xml
"Худякова, 12 к2",ftp://upload.v-zabote.ru/data/pricelists/org-45/price-1016.xml
"МОПРа площадь, 10",ftp://upload.v-zabote.ru/data/pricelists/org-45/price-1017.xml
"Худякова, 12 к2",ftp://upload.v-zabote.ru/data/pricelists/org-45/price-1018.xml
"Каслинская, 97б",ftp://upload.v-zabote.ru/data/pricelists/org-45/price-1020.xml
"МОПРа площадь, 10",ftp://upload.v-zabote.ru/data/pricelists/org-45/price-1022.xml
"Худякова, 12 к2",ftp://upload.v-zabote.ru/data/pricelists/org-45/price-1023.xml
"Каслинская, 97б",ftp://upload.v-zabote.ru/data/pricelists/org-45/price-1024.xml
"Цвиллинга, 66б",ftp://upload.v-zabote.ru/data/pricelists/org-45/price-1026.xml
"Цвиллинга, 66б",ftp://upload.v-zabote.ru/data/pricelists/org-45/price-1027.xml
"Цвиллинга, 66б",ftp://upload.v-zabote.ru/data/pricelists/org-45/price-1030.xml
"Цвиллинга, 66б",ftp://upload.v-zabote.ru/data/pricelists/org-45/price-1033.xml
"Цвиллинга, 66б",ftp://upload.v-zabote.ru/data/pricelists/org-45/price-1038.xml
"Цвиллинга, 66б",ftp://upload.v-zabote.ru/data/pricelists/org-45/price-1039.xml
Проспект победы 382а,ftp://upload.v-zabote.ru/data/pricelists/org-45/price-1040.xml
Проспект победы 382а,ftp://upload.v-zabote.ru/data/pricelists/org-45/price-1041.xml
"Победы проспект, 137",ftp://upload.v-zabote.ru/data/pricelists/org-45/price-1042.xml
"Победы проспект, 137",ftp://upload.v-zabote.ru/data/pricelists/org-45/price-1044.xml
"Победы проспект, 137",ftp://upload.v-zabote.ru/data/pricelists/org-45/price-1045.xml
"Победы проспект, 137",ftp://upload.v-zabote.ru/data/pricelists/org-45/price-1046.xml
Проспект победы 382а,ftp://upload.v-zabote.ru/data/pricelists/org-45/price-1047.xml
"Каслинская, 97б",ftp://upload.v-zabote.ru/data/pricelists/org-45/price-1057.xml
"Худякова, 12 к2",ftp://upload.v-zabote.ru/data/pricelists/org-45/price-1058.xml
"Худякова, 12 к2",ftp://upload.v-zabote.ru/data/pricelists/org-45/price-1059.xml
"Каслинская, 97б",ftp://upload.v-zabote.ru/data/pricelists/org-45/price-1061.xml
"МОПРа площадь, 10",ftp://upload.v-zabote.ru/data/pricelists/org-45/price-1062.xml
"Каслинская, 97б",ftp://upload.v-zabote.ru/data/pricelists/org-45/price-1063.xml
"Худякова, 12 к2",ftp://upload.v-zabote.ru/data/pricelists/org-45/price-1064.xml
"Худякова, 12 к2",ftp://upload.v-zabote.ru/data/pricelists/org-45/price-1066.xml
"Худякова, 12 к2",ftp://upload.v-zabote.ru/data/pricelists/org-45/price-1067.xml
"Худякова, 12 к2",ftp://upload.v-zabote.ru/data/pricelists/org-45/price-1068.xml
"МОПРа площадь, 10",ftp://upload.v-zabote.ru/data/pricelists/org-45/price-1071.xml
"Худякова, 12 к2",ftp://upload.v-zabote.ru/data/pricelists/org-45/price-1072.xml
"Худякова, 12 к2",ftp://upload.v-zabote.ru/data/pricelists/org-45/price-1073.xml
"МОПРа площадь, 10",ftp://upload.v-zabote.ru/data/pricelists/org-45/price-1076.xml
"Цвиллинга, 66б",ftp://upload.v-zabote.ru/data/pricelists/org-45/price-1079.xml
"Цвиллинга, 66б",ftp://upload.v-zabote.ru/data/pricelists/org-45/price-1083.xml
"Цвиллинга, 66б",ftp://upload.v-zabote.ru/data/pricelists/org-45/price-1085.xml
"Цвиллинга, 66б",ftp://upload.v-zabote.ru/data/pricelists/org-45/price-1087.xml
"Цвиллинга, 66б",ftp://upload.v-zabote.ru/data/pricelists/org-45/price-1088.xml
"Победы проспект, 137",ftp://upload.v-zabote.ru/data/pricelists/org-45/price-1089.xml
Проспект победы 382а,ftp://upload.v-zabote.ru/data/pricelists/org-45/price-1090.xml
Проспект победы 382а,ftp://upload.v-zabote.ru/data/pricelists/org-45/price-1091.xml
"Победы проспект, 137",ftp://upload.v-zabote.ru/data/pricelists/org-45/price-1092.xml
"Победы проспект, 137",ftp://upload.v-zabote.ru/data/pricelists/org-45/price-1093.xml
"Победы проспект, 137",ftp://upload.v-zabote.ru/data/pricelists/org-45/price-1094.xml
"Победы проспект, 137",ftp://upload.v-zabote.ru/data/pricelists/org-45/price-1095.xml
Проспект победы 382а,ftp://upload.v-zabote.ru/data/pricelists/org-45/price-1096.xml
"Победы проспект, 137",ftp://upload.v-zabote.ru/data/pricelists/org-45/price-1097.xml
Проспект победы 382а,ftp://upload.v-zabote.ru/data/pricelists/org-45/price-1098.xml
Проспект победы 382а,ftp://upload.v-zabote.ru/data/pricelists/org-45/price-1099.xml
Проспект победы 382а,ftp://upload.v-zabote.ru/data/pricelists/org-45/price-1100.xml
"Победы проспект, 137",ftp://upload.v-zabote.ru/data/pricelists/org-45/price-1101.xml
"Худякова, 12 к2",ftp://upload.v-zabote.ru/data/pricelists/org-45/price-1111.xml
"Каслинская, 97б",ftp://upload.v-zabote.ru/data/pricelists/org-45/price-1112.xml
"Худякова, 12 к2",ftp://upload.v-zabote.ru/data/pricelists/org-45/price-1113.xml
"Каслинская, 97б",ftp://upload.v-zabote.ru/data/pricelists/org-45/price-1114.xml
"Худякова, 12 к2",ftp://upload.v-zabote.ru/data/pricelists/org-45/price-1115.xml
"Худякова, 12 к2",ftp://upload.v-zabote.ru/data/pricelists/org-45/price-1116.xml
"Худякова, 12 к2",ftp://upload.v-zabote.ru/data/pricelists/org-45/price-1118.xml
"Каслинская, 97б",ftp://upload.v-zabote.ru/data/pricelists/org-45/price-1119.xml
"Худякова, 12 к2",ftp://upload.v-zabote.ru/data/pricelists/org-45/price-1120.xml
"Каслинская, 97б",ftp://upload.v-zabote.ru/data/pricelists/org-45/price-1121.xml
"МОПРа площадь, 10",ftp://upload.v-zabote.ru/data/pricelists/org-45/price-1123.xml
"МОПРа площадь, 10",ftp://upload.v-zabote.ru/data/pricelists/org-45/price-1124.xml
"Худякова, 12 к2",ftp://upload.v-zabote.ru/data/pricelists/org-45/price-1125.xml
"Худякова, 12 к2",ftp://upload.v-zabote.ru/data/pricelists/org-45/price-1126.xml
"МОПРа площадь, 10",ftp://upload.v-zabote.ru/data/pricelists/org-45/price-1127.xml
"Каслинская, 97б",ftp://upload.v-zabote.ru/data/pricelists/org-45/price-1129.xml
"МОПРа площадь, 10",ftp://upload.v-zabote.ru/data/pricelists/org-45/price-1132.xml
"МОПРа площадь, 10",ftp://upload.v-zabote.ru/data/pricelists/org-45/price-1133.xml
"Цвиллинга, 66б",ftp://upload.v-zabote.ru/data/pricelists/org-45/price-1135.xml
"Цвиллинга, 66б",ftp://upload.v-zabote.ru/data/pricelists/org-45/price-1138.xml
"Цвиллинга, 66б",ftp://upload.v-zabote.ru/data/pricelists/org-45/price-1139.xml
"Цвиллинга, 66б",ftp://upload.v-zabote.ru/data/pricelists/org-45/price-1144.xml
Проспект победы 382а,ftp://upload.v-zabote.ru/data/pricelists/org-45/price-1146.xml
Проспект победы 382а,ftp://upload.v-zabote.ru/data/pricelists/org-45/price-1147.xml
"Победы проспект, 137",ftp://upload.v-zabote.ru/data/pricelists/org-45/price-1148.xml
"Победы проспект, 137",ftp://upload.v-zabote.ru/data/pricelists/org-45/price-1149.xml
"Победы проспект, 137",ftp://upload.v-zabote.ru/data/pricelists/org-45/price-1150.xml
"Победы проспект, 137",ftp://upload.v-zabote.ru/data/pricelists/org-45/price-1151.xml
"Победы проспект, 137",ftp://upload.v-zabote.ru/data/pricelists/org-45/price-1152.xml
"Победы проспект, 137",ftp://upload.v-zabote.ru/data/pricelists/org-45/price-1153.xml
Проспект победы 382а,ftp://upload.v-zabote.ru/data/pricelists/org-45/price-1154.xml
Проспект победы 382а,ftp://upload.v-zabote.ru/data/pricelists/org-45/price-1155.xml
"Победы проспект, 137",ftp://upload.v-zabote.ru/data/pricelists/org-45/price-1156.xml
"МОПРа площадь, 10",ftp://upload.v-zabote.ru/data/pricelists/org-45/price-1161.xml
"Худякова, 12 к2",ftp://upload.v-zabote.ru/data/pricelists/org-45/price-1162.xml
"Худякова, 12 к2",ftp://upload.v-zabote.ru/data/pricelists/org-45/price-1163.xml
"Худякова, 12 к2",ftp://upload.v-zabote.ru/data/pricelists/org-45/price-1164.xml
"Худякова, 12 к2",ftp://upload.v-zabote.ru/data/pricelists/org-45/price-1166.xml
"Худякова, 12 к2",ftp://upload.v-zabote.ru/data/pricelists/org-45/price-1167.xml
"Каслинская, 97б",ftp://upload.v-zabote.ru/data/pricelists/org-45/price-1170.xml
"Цвиллинга, 66б",ftp://upload.v-zabote.ru/data/pricelists/org-45/price-1175.xml
"Цвиллинга, 66б",ftp://upload.v-zabote.ru/data/pricelists/org-45/price-1179.xml
Проспект победы 382а,ftp://upload.v-zabote.ru/data/pricelists/org-45/price-1181.xml
"Победы проспект, 137",ftp://upload.v-zabote.ru/data/pricelists/org-45/price-1182.xml
"Победы проспект, 137",ftp://upload.v-zabote.ru/data/pricelists/org-45/price-1183.xml
Проспект победы 382а,ftp://upload.v-zabote.ru/data/pricelists/org-45/price-1184.xml
"Победы проспект, 137",ftp://upload.v-zabote.ru/data/pricelists/org-45/price-1185.xml
"Победы проспект, 137",ftp://upload.v-zabote.ru/data/pricelists/org-45/price-1186.xml
"МОПРа площадь, 10",ftp://upload.v-zabote.ru/data/pricelists/org-45/price-1191.xml
"Худякова, 12 к2",ftp://upload.v-zabote.ru/data/pricelists/org-45/price-1192.xml
"Худякова, 12 к2",ftp://upload.v-zabote.ru/data/pricelists/org-45/price-1193.xml
"Худякова, 12 к2",ftp://upload.v-zabote.ru/data/pricelists/org-45/price-1194.xml
"Худякова, 12 к2",ftp://upload.v-zabote.ru/data/pricelists/org-45/price-1195.xml
"МОПРа площадь, 10",ftp://upload.v-zabote.ru/data/pricelists/org-45/price-1196.xml
"МОПРа площадь, 10",ftp://upload.v-zabote.ru/data/pricelists/org-45/price-1197.xml
"Худякова, 12 к2",ftp://upload.v-zabote.ru/data/pricelists/org-45/price-1201.xml
"Каслинская, 97б",ftp://upload.v-zabote.ru/data/pricelists/org-45/price-1204.xml
"Каслинская, 97б",ftp://upload.v-zabote.ru/data/pricelists/org-45/price-1205.xml
"Худякова, 12 к2",ftp://upload.v-zabote.ru/data/pricelists/org-45/price-1206.xml
"Худякова, 12 к2",ftp://upload.v-zabote.ru/data/pricelists/org-45/price-1207.xml
"Худякова, 12 к2",ftp://upload.v-zabote.ru/data/pricelists/org-45/price-1209.xml
"Каслинская, 97б",ftp://upload.v-zabote.ru/data/pricelists/org-45/price-1210.xml
"Цвиллинга, 66б",ftp://upload.v-zabote.ru/data/pricelists/org-45/price-1217.xml
"Цвиллинга, 66б",ftp://upload.v-zabote.ru/data/pricelists/org-45/price-1218.xml
"Цвиллинга, 66б",ftp://upload.v-zabote.ru/data/pricelists/org-45/price-1219.xml
"Цвиллинга, 66б",ftp://upload.v-zabote.ru/data/pricelists/org-45/price-1221.xml
"Цвиллинга, 66б",ftp://upload.v-zabote.ru/data/pricelists/org-45/price-1226.xml
"Цвиллинга, 66б",ftp://upload.v-zabote.ru/data/pricelists/org-45/price-1230.xml
Проспект победы 382а,ftp://upload.v-zabote.ru/data/pricelists/org-45/price-1231.xml
"Победы проспект, 137",ftp://upload.v-zabote.ru/data/pricelists/org-45/price-1232.xml
Проспект победы 382а,ftp://upload.v-zabote.ru/data/pricelists/org-45/price-1233.xml
"Победы проспект, 137",ftp://upload.v-zabote.ru/data/pricelists/org-45/price-1234.xml
Проспект победы 382а,ftp://upload.v-zabote.ru/data/pricelists/org-45/price-1235.xml
"Победы проспект, 137",ftp://upload.v-zabote.ru/data/pricelists/org-45/price-1236.xml
"Победы проспект, 137",ftp://upload.v-zabote.ru/data/pricelists/org-45/price-1237.xml
"Победы проспект, 137",ftp://upload.v-zabote.ru/data/pricelists/org-45/price-1238.xml
"Победы проспект, 137",ftp://upload.v-zabote.ru/data/pricelists/org-45/price-1239.xml
"Победы проспект, 137",ftp://upload.v-zabote.ru/data/pricelists/org-45/price-1240.xml
"Каслинская, 97б",ftp://upload.v-zabote.ru/data/pricelists/org-45/price-1241.xml
"Худякова, 12 к2",ftp://upload.v-zabote.ru/data/pricelists/org-45/price-1243.xml
"МОПРа площадь, 10",ftp://upload.v-zabote.ru/data/pricelists/org-45/price-1244.xml
"МОПРа площадь, 10",ftp://upload.v-zabote.ru/data/pricelists/org-45/price-1245.xml
"Худякова, 12 к2",ftp://upload.v-zabote.ru/data/pricelists/org-45/price-1247.xml
"Худякова, 12 к2",ftp://upload.v-zabote.ru/data/pricelists/org-45/price-1248.xml
"Худякова, 12 к2",ftp://upload.v-zabote.ru/data/pricelists/org-45/price-1249.xml
"Каслинская, 97б",ftp://upload.v-zabote.ru/data/pricelists/org-45/price-1250.xml
"Худякова, 12 к2",ftp://upload.v-zabote.ru/data/pricelists/org-45/price-1251.xml
"Худякова, 12 к2",ftp://upload.v-zabote.ru/data/pricelists/org-45/price-1252.xml
"Худякова, 12 к2",ftp://upload.v-zabote.ru/data/pricelists/org-45/price-1253.xml
"Худякова, 12 к2",ftp://upload.v-zabote.ru/data/pricelists/org-45/price-1254.xml
"Каслинская, 97б",ftp://upload.v-zabote.ru/data/pricelists/org-45/price-1256.xml
"Худякова, 12 к2",ftp://upload.v-zabote.ru/data/pricelists/org-45/price-1257.xml
"МОПРа площадь, 10",ftp://upload.v-zabote.ru/data/pricelists/org-45/price-1259.xml
"Худякова, 12 к2",ftp://upload.v-zabote.ru/data/pricelists/org-45/price-1260.xml
"Цвиллинга, 66б",ftp://upload.v-zabote.ru/data/pricelists/org-45/price-1264.xml
"Цвиллинга, 66б",ftp://upload.v-zabote.ru/data/pricelists/org-45/price-1267.xml
Проспект победы 382а,ftp://upload.v-zabote.ru/data/pricelists/org-45/price-1273.xml
"Победы проспект, 137",ftp://upload.v-zabote.ru/data/pricelists/org-45/price-1274.xml
Проспект победы 382а,ftp://upload.v-zabote.ru/data/pricelists/org-45/price-1275.xml
"Победы проспект, 137",ftp://upload.v-zabote.ru/data/pricelists/org-45/price-1276.xml
"Победы проспект, 137",ftp://upload.v-zabote.ru/data/pricelists/org-45/price-1277.xml
Проспект победы 382а,ftp://upload.v-zabote.ru/data/pricelists/org-45/price-1278.xml
"Победы проспект, 137",ftp://upload.v-zabote.ru/data/pricelists/org-45/price-1279.xml
"Победы проспект, 137",ftp://upload.v-zabote.ru/data/pricelists/org-45/price-1280.xml
"Победы проспект, 137",ftp://upload.v-zabote.ru/data/pricelists/org-45/price-1281.xml
"Победы проспект, 137",ftp://upload.v-zabote.ru/data/pricelists/org-45/price-1282.xml
Проспект победы 382а,ftp://upload.v-zabote.ru/data/pricelists/org-45/price-1283.xml
"МОПРа площадь, 10",ftp://upload.v-zabote.ru/data/pricelists/org-45/price-1286.xml
"Худякова, 12 к2",ftp://upload.v-zabote.ru/data/pricelists/org-45/price-1288.xml
"МОПРа площадь, 10",ftp://upload.v-zabote.ru/data/pricelists/org-45/price-1289.xml
"МОПРа площадь, 10",ftp://upload.v-zabote.ru/data/pricelists/org-45/price-1290.xml
"Худякова, 12 к2",ftp://upload.v-zabote.ru/data/pricelists/org-45/price-1291.xml
"Каслинская, 97б",ftp://upload.v-zabote.ru/data/pricelists/org-45/price-1293.xml
"Каслинская, 97б",ftp://upload.v-zabote.ru/data/pricelists/org-45/price-1294.xml
"Худякова, 12 к2",ftp://upload.v-zabote.ru/data/pricelists/org-45/price-1295.xml
"Худякова, 12 к2",ftp://upload.v-zabote.ru/data/pricelists/org-45/price-1296.xml
"Каслинская, 97б",ftp://upload.v-zabote.ru/data/pricelists/org-45/price-1298.xml
"Каслинская, 97б",ftp://upload.v-zabote.ru/data/pricelists/org-45/price-1300.xml
"Худякова, 12 к2",ftp://upload.v-zabote.ru/data/pricelists/org-45/price-1301.xml
"Худякова, 12 к2",ftp://upload.v-zabote.ru/data/pricelists/org-45/price-1302.xml
"МОПРа площадь, 10",ftp://upload.v-zabote.ru/data/pricelists/org-45/price-1303.xml
"Худякова, 12 к2",ftp://upload.v-zabote.ru/data/pricelists/org-45/price-1304.xml
"Каслинская, 97б",ftp://upload.v-zabote.ru/data/pricelists/org-45/price-1305.xml
"МОПРа площадь, 10",ftp://upload.v-zabote.ru/data/pricelists/org-45/price-1307.xml
"Худякова, 12 к2",ftp://upload.v-zabote.ru/data/pricelists/org-45/price-1308.xml
"МОПРа площадь, 10",ftp://upload.v-zabote.ru/data/pricelists/org-45/price-1309.xml
"Худякова, 12 к2",ftp://upload.v-zabote.ru/data/pricelists/org-45/price-1310.xml
"Худякова, 12 к2",ftp://upload.v-zabote.ru/data/pricelists/org-45/price-1311.xml
"Худякова, 12 к2",ftp://upload.v-zabote.ru/data/pricelists/org-45/price-1313.xml
"Каслинская, 97б",ftp://upload.v-zabote.ru/data/pricelists/org-45/price-1314.xml
"Худякова, 12 к2",ftp://upload.v-zabote.ru/data/pricelists/org-45/price-1315.xml
"Худякова, 12 к2",ftp://upload.v-zabote.ru/data/pricelists/org-45/price-1316.xml
"Цвиллинга, 66б",ftp://upload.v-zabote.ru/data/pricelists/org-45/price-1319.xml
"Цвиллинга, 66б",ftp://upload.v-zabote.ru/data/pricelists/org-45/price-1321.xml
"Цвиллинга, 66б",ftp://upload.v-zabote.ru/data/pricelists/org-45/price-1322.xml
"Цвиллинга, 66б",ftp://upload.v-zabote.ru/data/pricelists/org-45/price-1324.xml
"Цвиллинга, 66б",ftp://upload.v-zabote.ru/data/pricelists/org-45/price-1331.xml
"Цвиллинга, 66б",ftp://upload.v-zabote.ru/data/pricelists/org-45/price-1336.xml
"Цвиллинга, 66б",ftp://upload.v-zabote.ru/data/pricelists/org-45/price-1338.xml
"Победы проспект, 137",ftp://upload.v-zabote.ru/data/pricelists/org-45/price-1340.xml
Проспект победы 382а,ftp://upload.v-zabote.ru/data/pricelists/org-45/price-1341.xml
"Победы проспект, 137",ftp://upload.v-zabote.ru/data/pricelists/org-45/price-1342.xml
Проспект победы 382а,ftp://upload.v-zabote.ru/data/pricelists/org-45/price-1343.xml
"Победы проспект, 137",ftp://upload.v-zabote.ru/data/pricelists/org-45/price-1344.xml
Проспект победы 382а,ftp://upload.v-zabote.ru/data/pricelists/org-45/price-1345.xml
"Победы проспект, 137",ftp://upload.v-zabote.ru/data/pricelists/org-45/price-1346.xml
"Победы проспект, 137",ftp://upload.v-zabote.ru/data/pricelists/org-45/price-1347.xml
Проспект победы 382а,ftp://upload.v-zabote.ru/data/pricelists/org-45/price-1348.xml
"Победы проспект, 137",ftp://upload.v-zabote.ru/data/pricelists/org-45/price-1349.xml
Проспект победы 382а,ftp://upload.v-zabote.ru/data/pricelists/org-45/price-1350.xml
Проспект победы 382а,ftp://upload.v-zabote.ru/data/pricelists/org-45/price-1351.xml
"Победы проспект, 137",ftp://upload.v-zabote.ru/data/pricelists/org-45/price-1352.xml
Проспект победы 382а,ftp://upload.v-zabote.ru/data/pricelists/org-45/price-1353.xml
"Худякова, 12 к2",ftp://upload.v-zabote.ru/data/pricelists/org-45/price-1355.xml
"Худякова, 12 к2",ftp://upload.v-zabote.ru/data/pricelists/org-45/price-1356.xml
"Худякова, 12 к2",ftp://upload.v-zabote.ru/data/pricelists/org-45/price-1358.xml
"Худякова, 12 к2",ftp://upload.v-zabote.ru/data/pricelists/org-45/price-1359.xml
"Каслинская, 97б",ftp://upload.v-zabote.ru/data/pricelists/org-45/price-1360.xml
"Худякова, 12 к2",ftp://upload.v-zabote.ru/data/pricelists/org-45/price-1361.xml
"МОПРа площадь, 10",ftp://upload.v-zabote.ru/data/pricelists/org-45/price-1362.xml
"Худякова, 12 к2",ftp://upload.v-zabote.ru/data/pricelists/org-45/price-1363.xml
"Цвиллинга, 66б",ftp://upload.v-zabote.ru/data/pricelists/org-45/price-1365.xml
"Цвиллинга, 66б",ftp://upload.v-zabote.ru/data/pricelists/org-45/price-1366.xml
"Цвиллинга, 66б",ftp://upload.v-zabote.ru/data/pricelists/org-45/price-1368.xml
"Цвиллинга, 66б",ftp://upload.v-zabote.ru/data/pricelists/org-45/price-1370.xml
"Цвиллинга, 66б",ftp://upload.v-zabote.ru/data/pricelists/org-45/price-1373.xml
"Победы проспект, 137",ftp://upload.v-zabote.ru/data/pricelists/org-45/price-1374.xml
Проспект победы 382а,ftp://upload.v-zabote.ru/data/pricelists/org-45/price-1375.xml
Проспект победы 382а,ftp://upload.v-zabote.ru/data/pricelists/org-45/price-1376.xml
"Победы проспект, 137",ftp://upload.v-zabote.ru/data/pricelists/org-45/price-1377.xml
"Победы проспект, 137",ftp://upload.v-zabote.ru/data/pricelists/org-45/price-1378.xml
"Победы проспект, 137",ftp://upload.v-zabote.ru/data/pricelists/org-45/price-1379.xml
Проспект победы 382а,ftp://upload.v-zabote.ru/data/pricelists/org-45/price-1380.xml
Проспект победы 382а,ftp://upload.v-zabote.ru/data/pricelists/org-45/price-1381.xml
"Победы проспект, 137",ftp://upload.v-zabote.ru/data/pricelists/org-45/price-1382.xml
"Комарова, 112",ftp://upload.v-zabote.ru/data/pricelists/org-46/price-537.xml
"Комарова, 129а",ftp://upload.v-zabote.ru/data/pricelists/org-46/price-538.xml
"Тореза пер, 2",ftp://upload.v-zabote.ru/data/pricelists/org-46/price-539.xml
"Комсомольский проспект, 32",ftp://upload.v-zabote.ru/data/pricelists/org-46/price-540.xml
"Танкистов, 181",ftp://upload.v-zabote.ru/data/pricelists/org-46/price-541.xml
"Героев Танкограда, 118",ftp://upload.v-zabote.ru/data/pricelists/org-46/price-542.xml
"Академика Королёва, 3",ftp://upload.v-zabote.ru/data/pricelists/org-46/price-543.xml
"Победы проспект, 382б",ftp://upload.v-zabote.ru/data/pricelists/org-46/price-544.xml
"Бейвеля, 1",ftp://upload.v-zabote.ru/data/pricelists/org-46/price-545.xml
"Калинина, 5а",ftp://upload.v-zabote.ru/data/pricelists/org-46/price-546.xml
"250 лет Челябинску, 12",ftp://upload.v-zabote.ru/data/pricelists/org-46/price-547.xml
"Аэропорт пос, 15а",ftp://upload.v-zabote.ru/data/pricelists/org-46/price-548.xml
"Хохрякова, 12б",ftp://upload.v-zabote.ru/data/pricelists/org-46/price-549.xml
"Румянцева, 33",ftp://upload.v-zabote.ru/data/pricelists/org-46/price-550.xml
"Знаменская, 4",ftp://upload.v-zabote.ru/data/pricelists/org-46/price-551.xml
"Копейское шоссе, 41",ftp://upload.v-zabote.ru/data/pricelists/org-46/price-552.xml
"Чернышевского, 15а",ftp://upload.v-zabote.ru/data/pricelists/org-46/price-553.xml
"Гагарина (Ленинский), 52",ftp://upload.v-zabote.ru/data/pricelists/org-46/price-554.xml
"21 Партсъезда, 6",ftp://upload.v-zabote.ru/data/pricelists/org-46/price-555.xml
"Южноуральская, 12а",ftp://upload.v-zabote.ru/data/pricelists/org-46/price-556.xml
"Мамина, 27",ftp://upload.v-zabote.ru/data/pricelists/org-46/price-557.xml
"Горького, 60",ftp://upload.v-zabote.ru/data/pricelists/org-46/price-558.xml
"Братьев Кашириных, 108",ftp://upload.v-zabote.ru/data/pricelists/org-46/price-559.xml
"Победы проспект, 168",ftp://upload.v-zabote.ru/data/pricelists/org-46/price-560.xml
"Нахимова, 7 / Батумская, 2",ftp://upload.v-zabote.ru/data/pricelists/org-46/price-561.xml
"Славы проспект, 5",ftp://upload.v-zabote.ru/data/pricelists/org-46/price-562.xml
"Молодогвардейцев, 56д",ftp://upload.v-zabote.ru/data/pricelists/org-46/price-563.xml
"Ленина, 51",ftp://upload.v-zabote.ru/data/pricelists/org-46/price-564.xml
"Победы проспект, 350а",ftp://upload.v-zabote.ru/data/pricelists/org-46/price-565.xml
"Каслинская, 97б",ftp://upload.v-zabote.ru/data/pricelists/org-46/price-751.xml
"Труда, 185а",ftp://upload.v-zabote.ru/data/pricelists/org-46/price-767.xml
"Комсомольский проспект, 50",ftp://upload.v-zabote.ru/data/pricelists/org-46/price-949.xml
"Комсомольский проспект, 50",ftp://upload.v-zabote.ru/data/pricelists/org-46/price-1019.xml
"Комсомольский проспект, 50",ftp://upload.v-zabote.ru/data/pricelists/org-46/price-1021.xml
"Комсомольский проспект, 50",ftp://upload.v-zabote.ru/data/pricelists/org-46/price-1060.xml
"Комсомольский проспект, 50",ftp://upload.v-zabote.ru/data/pricelists/org-46/price-1065.xml
"Комсомольский проспект, 50",ftp://upload.v-zabote.ru/data/pricelists/org-46/price-1069.xml
"Комсомольский проспект, 50",ftp://upload.v-zabote.ru/data/pricelists/org-46/price-1070.xml
"Комсомольский проспект, 50",ftp://upload.v-zabote.ru/data/pricelists/org-46/price-1075.xml
"Комсомольский проспект, 50",ftp://upload.v-zabote.ru/data/pricelists/org-46/price-1122.xml
"Комсомольский проспект, 50",ftp://upload.v-zabote.ru/data/pricelists/org-46/price-1128.xml
"Комсомольский проспект, 50",ftp://upload.v-zabote.ru/data/pricelists/org-46/price-1130.xml
"Комсомольский проспект, 50",ftp://upload.v-zabote.ru/data/pricelists/org-46/price-1131.xml
"Комсомольский проспект, 50",ftp://upload.v-zabote.ru/data/pricelists/org-46/price-1168.xml
"Комсомольский проспект, 50",ftp://upload.v-zabote.ru/data/pricelists/org-46/price-1198.xml
"Комсомольский проспект, 50",ftp://upload.v-zabote.ru/data/pricelists/org-46/price-1199.xml
"Комсомольский проспект, 50",ftp://upload.v-zabote.ru/data/pricelists/org-46/price-1200.xml
"Комсомольский проспект, 50",ftp://upload.v-zabote.ru/data/pricelists/org-46/price-1202.xml
"Комсомольский проспект, 50",ftp://upload.v-zabote.ru/data/pricelists/org-46/price-1203.xml
"Комсомольский проспект, 50",ftp://upload.v-zabote.ru/data/pricelists/org-46/price-1208.xml
"Комсомольский проспект, 50",ftp://upload.v-zabote.ru/data/pricelists/org-46/price-1242.xml
"Комсомольский проспект, 50",ftp://upload.v-zabote.ru/data/pricelists/org-46/price-1246.xml
"Комсомольский проспект, 50",ftp://upload.v-zabote.ru/data/pricelists/org-46/price-1255.xml
"Комсомольский проспект, 50",ftp://upload.v-zabote.ru/data/pricelists/org-46/price-1258.xml
"Комсомольский проспект, 50",ftp://upload.v-zabote.ru/data/pricelists/org-46/price-1285.xml
"Комсомольский проспект, 50",ftp://upload.v-zabote.ru/data/pricelists/org-46/price-1287.xml
"Комсомольский проспект, 50",ftp://upload.v-zabote.ru/data/pricelists/org-46/price-1292.xml
"Комсомольский проспект, 50",ftp://upload.v-zabote.ru/data/pricelists/org-46/price-1297.xml
"Комсомольский проспект, 50",ftp://upload.v-zabote.ru/data/pricelists/org-46/price-1299.xml
"Комсомольский проспект, 50",ftp://upload.v-zabote.ru/data/pricelists/org-46/price-1306.xml
"Комсомольский проспект, 50",ftp://upload.v-zabote.ru/data/pricelists/org-46/price-1312.xml
"Комсомольский проспект, 50",ftp://upload.v-zabote.ru/data/pricelists/org-46/price-1357.xml
"Моховая, 7",ftp://upload.v-zabote.ru/data/pricelists/org-47/price-566.xml
"Российская, 194",ftp://upload.v-zabote.ru/data/pricelists/org-47/price-567.xml
"Славы проспект, 8",ftp://upload.v-zabote.ru/data/pricelists/org-47/price-568.xml
"Сталеваров, 5",ftp://upload.v-zabote.ru/data/pricelists/org-47/price-569.xml
"Рылеева, 18",ftp://upload.v-zabote.ru/data/pricelists/org-47/price-570.xml
"Кирова, 27",ftp://upload.v-zabote.ru/data/pricelists/org-47/price-571.xml
"Труда, 166",ftp://upload.v-zabote.ru/data/pricelists/org-47/price-618.xml
"Дзержинского, 130",ftp://upload.v-zabote.ru/data/pricelists/org-47/price-619.xml
"Гагарина, 40",ftp://upload.v-zabote.ru/data/pricelists/org-47/price-750.xml
"Блюхера, 81",ftp://upload.v-zabote.ru/data/pricelists/org-47/price-752.xml
"Комсомольский проспект, 70а",ftp://upload.v-zabote.ru/data/pricelists/org-47/price-753.xml
"50 лет ВЛКСМ, 17",ftp://upload.v-zabote.ru/data/pricelists/org-47/price-754.xml
"Молодогвардейцев, 7",ftp://upload.v-zabote.ru/data/pricelists/org-47/price-755.xml
"Братьев Кашириных, 91а",ftp://upload.v-zabote.ru/data/pricelists/org-47/price-756.xml
"Братьев Кашириных, 133",ftp://upload.v-zabote.ru/data/pricelists/org-47/price-757.xml
"Ворошилова, 35",ftp://upload.v-zabote.ru/data/pricelists/org-47/price-758.xml
"Энергетиков, 21б",ftp://upload.v-zabote.ru/data/pricelists/org-47/price-759.xml
"Сталеваров, 66",ftp://upload.v-zabote.ru/data/pricelists/org-47/price-760.xml
"Жукова, 8",ftp://upload.v-zabote.ru/data/pricelists/org-47/price-762.xml
"Машиностроителей, 12а",ftp://upload.v-zabote.ru/data/pricelists/org-47/price-764.xml
"Свободы, 157",ftp://upload.v-zabote.ru/data/pricelists/org-47/price-766.xml
"Российская, 63",ftp://upload.v-zabote.ru/data/pricelists/org-48/price-572.xml
"Горького, 61",ftp://upload.v-zabote.ru/data/pricelists/org-48/price-573.xml
"Дружбы, 3",ftp://upload.v-zabote.ru/data/pricelists/org-48/price-574.xml
"Комаровского, 7а",ftp://upload.v-zabote.ru/data/pricelists/org-48/price-575.xml
"Сони Кривой, 69",ftp://upload.v-zabote.ru/data/pricelists/org-48/price-576.xml
"Бажова, 38а",ftp://upload.v-zabote.ru/data/pricelists/org-48/price-577.xml
"Металлургов шоссе, 47в",ftp://upload.v-zabote.ru/data/pricelists/org-48/price-578.xml
"Победы проспект, 326а",ftp://upload.v-zabote.ru/data/pricelists/org-48/price-579.xml
"Сталеваров, 40 / Богдана Хмельницкого, 3",ftp://upload.v-zabote.ru/data/pricelists/org-48/price-580.xml
"Славы проспект, 31",ftp://upload.v-zabote.ru/data/pricelists/org-48/price-581.xml
"Энтузиастов, 18",ftp://upload.v-zabote.ru/data/pricelists/org-48/price-582.xml
"Масленникова, 9а",ftp://upload.v-zabote.ru/data/pricelists/org-48/price-583.xml
"Победы проспект, 113",ftp://upload.v-zabote.ru/data/pricelists/org-48/price-584.xml
"Курчатова, 2 / Елькина, 98",ftp://upload.v-zabote.ru/data/pricelists/org-48/price-585.xml
"60 лет Октября, 26",ftp://upload.v-zabote.ru/data/pricelists/org-48/price-586.xml
"Косарева, 22",ftp://upload.v-zabote.ru/data/pricelists/org-48/price-587.xml
"50 лет ВЛКСМ, 37",ftp://upload.v-zabote.ru/data/pricelists/org-48/price-588.xml
"Победы проспект, 204",ftp://upload.v-zabote.ru/data/pricelists/org-48/price-589.xml
"Сталеваров, 47а",ftp://upload.v-zabote.ru/data/pricelists/org-48/price-590.xml
"Социалистическая, 66 / Румянцева, 29",ftp://upload.v-zabote.ru/data/pricelists/org-48/price-591.xml
"Бурденюка, 5",ftp://upload.v-zabote.ru/data/pricelists/org-48/price-592.xml
"Ереванская, 14",ftp://upload.v-zabote.ru/data/pricelists/org-48/price-593.xml
"Молодогвардейцев, 64б",ftp://upload.v-zabote.ru/data/pricelists/org-48/price-594.xml
"Чайковского, 16",ftp://upload.v-zabote.ru/data/pricelists/org-48/price-595.xml
"Дзержинского, 104",ftp://upload.v-zabote.ru/data/pricelists/org-48/price-596.xml
"Приборостроителей, 1",ftp://upload.v-zabote.ru/data/pricelists/org-48/price-597.xml
"Художника Русакова, 7а",ftp://upload.v-zabote.ru/data/pricelists/org-48/price-598.xml
"Победы проспект, 28",ftp://upload.v-zabote.ru/data/pricelists/org-48/price-599.xml
"Ярославская, 3",ftp://upload.v-zabote.ru/data/pricelists/org-48/price-600.xml
"Шаумяна, 83",ftp://upload.v-zabote.ru/data/pricelists/org-48/price-601.xml
"Художника Русакова, 7",ftp://upload.v-zabote.ru/data/pricelists/org-48/price-602.xml
"Новороссийская, 49",ftp://upload.v-zabote.ru/data/pricelists/org-48/price-603.xml
"Воровского, 34",ftp://upload.v-zabote.ru/data/pricelists/org-48/price-604.xml
"Молодогвардейцев, 10",ftp://upload.v-zabote.ru/data/pricelists/org-48/price-605.xml
"50 лет ВЛКСМ, 6а",ftp://upload.v-zabote.ru/data/pricelists/org-48/price-606.xml
"Горького, 24",ftp://upload.v-zabote.ru/data/pricelists/org-48/price-607.xml
"Чичерина, 34",ftp://upload.v-zabote.ru/data/pricelists/org-48/price-608.xml
"Комсомольский проспект, 118",ftp://upload.v-zabote.ru/data/pricelists/org-48/price-609.xml
"Воровского, 77",ftp://upload.v-zabote.ru/data/pricelists/org-48/price-610.xml
"Шагольская, 41",ftp://upload.v-zabote.ru/data/pricelists/org-48/price-611.xml
"Ильича проспект, 12а",ftp://upload.v-zabote.ru/data/pricelists/org-48/price-612.xml
"Энергетиков (Ленинский), 65",ftp://upload.v-zabote.ru/data/pricelists/org-48/price-613.xml
"Коммунистическая, 29",ftp://upload.v-zabote.ru/data/pricelists/org-48/price-614.xml
"Дзержинского, 104",ftp://upload.v-zabote.ru/data/pricelists/org-48/price-1029.xml
"Дзержинского, 104",ftp://upload.v-zabote.ru/data/pricelists/org-48/price-1035.xml
"Дзержинского, 104",ftp://upload.v-zabote.ru/data/pricelists/org-48/price-1036.xml
"Дзержинского, 104",ftp://upload.v-zabote.ru/data/pricelists/org-48/price-1077.xml
"Дзержинского, 104",ftp://upload.v-zabote.ru/data/pricelists/org-48/price-1080.xml
"Дзержинского, 104",ftp://upload.v-zabote.ru/data/pricelists/org-48/price-1081.xml
"Дзержинского, 104",ftp://upload.v-zabote.ru/data/pricelists/org-48/price-1084.xml
"Дзержинского, 104",ftp://upload.v-zabote.ru/data/pricelists/org-48/price-1134.xml
"Дзержинского, 104",ftp://upload.v-zabote.ru/data/pricelists/org-48/price-1136.xml
"Дзержинского, 104",ftp://upload.v-zabote.ru/data/pricelists/org-48/price-1140.xml
"Дзержинского, 104",ftp://upload.v-zabote.ru/data/pricelists/org-48/price-1142.xml
"Дзержинского, 104",ftp://upload.v-zabote.ru/data/pricelists/org-48/price-1143.xml
"Дзержинского, 104",ftp://upload.v-zabote.ru/data/pricelists/org-48/price-1172.xml
"Дзержинского, 104",ftp://upload.v-zabote.ru/data/pricelists/org-48/price-1173.xml
"Дзержинского, 104",ftp://upload.v-zabote.ru/data/pricelists/org-48/price-1176.xml
"Дзержинского, 104",ftp://upload.v-zabote.ru/data/pricelists/org-48/price-1177.xml
"Дзержинского, 104",ftp://upload.v-zabote.ru/data/pricelists/org-48/price-1180.xml
"Дзержинского, 104",ftp://upload.v-zabote.ru/data/pricelists/org-48/price-1211.xml
"Дзержинского, 104",ftp://upload.v-zabote.ru/data/pricelists/org-48/price-1212.xml
"Дзержинского, 104",ftp://upload.v-zabote.ru/data/pricelists/org-48/price-1214.xml
"Дзержинского, 104",ftp://upload.v-zabote.ru/data/pricelists/org-48/price-1216.xml
"Дзержинского, 104",ftp://upload.v-zabote.ru/data/pricelists/org-48/price-1220.xml
"Дзержинского, 104",ftp://upload.v-zabote.ru/data/pricelists/org-48/price-1222.xml
"Дзержинского, 104",ftp://upload.v-zabote.ru/data/pricelists/org-48/price-1224.xml
"Дзержинского, 104",ftp://upload.v-zabote.ru/data/pricelists/org-48/price-1225.xml
"Дзержинского, 104",ftp://upload.v-zabote.ru/data/pricelists/org-48/price-1227.xml
"Дзержинского, 104",ftp://upload.v-zabote.ru/data/pricelists/org-48/price-1228.xml
"Дзержинского, 104",ftp://upload.v-zabote.ru/data/pricelists/org-48/price-1261.xml
"Дзержинского, 104",ftp://upload.v-zabote.ru/data/pricelists/org-48/price-1263.xml
"Дзержинского, 104",ftp://upload.v-zabote.ru/data/pricelists/org-48/price-1265.xml
"Дзержинского, 104",ftp://upload.v-zabote.ru/data/pricelists/org-48/price-1270.xml
"Дзержинского, 104",ftp://upload.v-zabote.ru/data/pricelists/org-48/price-1271.xml
"Дзержинского, 104",ftp://upload.v-zabote.ru/data/pricelists/org-48/price-1317.xml
"Дзержинского, 104",ftp://upload.v-zabote.ru/data/pricelists/org-48/price-1320.xml
"Дзержинского, 104",ftp://upload.v-zabote.ru/data/pricelists/org-48/price-1323.xml
"Дзержинского, 104",ftp://upload.v-zabote.ru/data/pricelists/org-48/price-1325.xml
"Дзержинского, 104",ftp://upload.v-zabote.ru/data/pricelists/org-48/price-1326.xml
"Дзержинского, 104",ftp://upload.v-zabote.ru/data/pricelists/org-48/price-1327.xml
"Дзержинского, 104",ftp://upload.v-zabote.ru/data/pricelists/org-48/price-1328.xml
"Дзержинского, 104",ftp://upload.v-zabote.ru/data/pricelists/org-48/price-1329.xml
"Дзержинского, 104",ftp://upload.v-zabote.ru/data/pricelists/org-48/price-1332.xml
"Дзержинского, 104",ftp://upload.v-zabote.ru/data/pricelists/org-48/price-1333.xml
"Дзержинского, 104",ftp://upload.v-zabote.ru/data/pricelists/org-48/price-1334.xml
"Дзержинского, 104",ftp://upload.v-zabote.ru/data/pricelists/org-48/price-1337.xml
"Дзержинского, 104",ftp://upload.v-zabote.ru/data/pricelists/org-48/price-1369.xml
"Дзержинского, 104",ftp://upload.v-zabote.ru/data/pricelists/org-48/price-1372.xml
"Тимирязева, 29",ftp://upload.v-zabote.ru/data/pricelists/org-50/price-620.xml
"Цвиллинга, 25",ftp://upload.v-zabote.ru/data/pricelists/org-50/price-621.xml
"Курчатова, 5в",ftp://upload.v-zabote.ru/data/pricelists/org-50/price-761.xml
"Дзержинского, 104",ftp://upload.v-zabote.ru/data/pricelists/org-50/price-763.xml
"Ворошилова, 57а",ftp://upload.v-zabote.ru/data/pricelists/org-50/price-765.xml
"Дзержинского, 104",ftp://upload.v-zabote.ru/data/pricelists/org-50/price-1031.xml
"Дзержинского, 104",ftp://upload.v-zabote.ru/data/pricelists/org-50/price-1032.xml
"Дзержинского, 104",ftp://upload.v-zabote.ru/data/pricelists/org-50/price-1037.xml
"Дзержинского, 104",ftp://upload.v-zabote.ru/data/pricelists/org-50/price-1078.xml
"Дзержинского, 104",ftp://upload.v-zabote.ru/data/pricelists/org-50/price-1082.xml
"Дзержинского, 104",ftp://upload.v-zabote.ru/data/pricelists/org-50/price-1086.xml
"Дзержинского, 104",ftp://upload.v-zabote.ru/data/pricelists/org-50/price-1137.xml
"Дзержинского, 104",ftp://upload.v-zabote.ru/data/pricelists/org-50/price-1141.xml
"Дзержинского, 104",ftp://upload.v-zabote.ru/data/pricelists/org-50/price-1145.xml
"Дзержинского, 104",ftp://upload.v-zabote.ru/data/pricelists/org-50/price-1171.xml
"Дзержинского, 104",ftp://upload.v-zabote.ru/data/pricelists/org-50/price-1174.xml
"Дзержинского, 104",ftp://upload.v-zabote.ru/data/pricelists/org-50/price-1178.xml
"Дзержинского, 104",ftp://upload.v-zabote.ru/data/pricelists/org-50/price-1213.xml
"Дзержинского, 104",ftp://upload.v-zabote.ru/data/pricelists/org-50/price-1215.xml
"Дзержинского, 104",ftp://upload.v-zabote.ru/data/pricelists/org-50/price-1223.xml
"Дзержинского, 104",ftp://upload.v-zabote.ru/data/pricelists/org-50/price-1229.xml
"Дзержинского, 104",ftp://upload.v-zabote.ru/data/pricelists/org-50/price-1262.xml
"Дзержинского, 104",ftp://upload.v-zabote.ru/data/pricelists/org-50/price-1266.xml
"Дзержинского, 104",ftp://upload.v-zabote.ru/data/pricelists/org-50/price-1268.xml
"Дзержинского, 104",ftp://upload.v-zabote.ru/data/pricelists/org-50/price-1269.xml
"Дзержинского, 104",ftp://upload.v-zabote.ru/data/pricelists/org-50/price-1272.xml
"Дзержинского, 104",ftp://upload.v-zabote.ru/data/pricelists/org-50/price-1318.xml
"Дзержинского, 104",ftp://upload.v-zabote.ru/data/pricelists/org-50/price-1330.xml
"Дзержинского, 104",ftp://upload.v-zabote.ru/data/pricelists/org-50/price-1335.xml
"Дзержинского, 104",ftp://upload.v-zabote.ru/data/pricelists/org-50/price-1339.xml
"Дзержинского, 104",ftp://upload.v-zabote.ru/data/pricelists/org-50/price-1364.xml
"Дзержинского, 104",ftp://upload.v-zabote.ru/data/pricelists/org-50/price-1367.xml
"Дзержинского, 104",ftp://upload.v-zabote.ru/data/pricelists/org-50/price-1371.xml
"Победы, 160а",ftp://upload.v-zabote.ru/data/pricelists/org-51/price-622.xml
"Проспект Победы, 35/1",ftp://upload.v-zabote.ru/data/pricelists/org-52/price-624.xml
"Троицкий тракт, 12/1",ftp://upload.v-zabote.ru/data/pricelists/org-53/price-625.xml
"Троицкий тракт 7 км, 1/1",ftp://upload.v-zabote.ru/data/pricelists/org-53/price-626.xml
"Копейское шоссе, 32/1",ftp://upload.v-zabote.ru/data/pricelists/org-53/price-627.xml
"Копейское шоссе, 56/1",ftp://upload.v-zabote.ru/data/pricelists/org-53/price-628.xml
"Копейское шоссе, 35/1",ftp://upload.v-zabote.ru/data/pricelists/org-53/price-629.xml
"Свердловский тракт, 3/1",ftp://upload.v-zabote.ru/data/pricelists/org-53/price-630.xml
"Северная (Шершни), 58/1",ftp://upload.v-zabote.ru/data/pricelists/org-53/price-631.xml
"Победы проспект, 74",ftp://upload.v-zabote.ru/data/pricelists/org-53/price-962.xml
"Троицкий тракт, 49/1",ftp://upload.v-zabote.ru/data/pricelists/org-53/price-968.xml
"Копейское шоссе, 54/1",ftp://upload.v-zabote.ru/data/pricelists/org-54/price-632.xml
"Автодорожная, 12а/1",ftp://upload.v-zabote.ru/data/pricelists/org-55/price-633.xml
"Победы проспект, 305/1",ftp://upload.v-zabote.ru/data/pricelists/org-56/price-634.xml
"Чичерина, 15/1",ftp://upload.v-zabote.ru/data/pricelists/org-56/price-635.xml
"Свердловский тракт, 6/1",ftp://upload.v-zabote.ru/data/pricelists/org-56/price-636.xml
"Свердловский тракт, 1б/1",ftp://upload.v-zabote.ru/data/pricelists/org-56/price-637.xml
"Академика Макеева, 7/1",ftp://upload.v-zabote.ru/data/pricelists/org-56/price-638.xml
Комсомольский 4/1,ftp://upload.v-zabote.ru/data/pricelists/org-56/price-975.xml
"Шота Руставелли, 32/1",ftp://upload.v-zabote.ru/data/pricelists/org-57/price-639.xml
"Свердловский тракт, 12/1",ftp://upload.v-zabote.ru/data/pricelists/org-57/price-640.xml
Троицкий тракт 52а/1,ftp://upload.v-zabote.ru/data/pricelists/org-58/price-641.xml
Ярославская 1/1,ftp://upload.v-zabote.ru/data/pricelists/org-58/price-1110.xml
"Героев Танкограда, 2ж",ftp://upload.v-zabote.ru/data/pricelists/org-59/price-642.xml
"Свердловский тракт, 12в",ftp://upload.v-zabote.ru/data/pricelists/org-60/price-643.xml
"ул. Куйбышева, 3, корп.1",ftp://upload.v-zabote.ru/data/pricelists/org-60/price-644.xml
"ул. Завалишина, 41, корп.2",ftp://upload.v-zabote.ru/data/pricelists/org-60/price-645.xml
"Копейское шоссе, 37/1",ftp://upload.v-zabote.ru/data/pricelists/org-60/price-646.xml
"ул. Чичерина, 24, корп.1",ftp://upload.v-zabote.ru/data/pricelists/org-60/price-647.xml
"Бурденюка, 1/1",ftp://upload.v-zabote.ru/data/pricelists/org-60/price-648.xml
"Троицкий тракт, 10 км",ftp://upload.v-zabote.ru/data/pricelists/org-60/price-649.xml
"Троицкий тракт, 76/2",ftp://upload.v-zabote.ru/data/pricelists/org-60/price-650.xml
"Троицкий тракт, 23б",ftp://upload.v-zabote.ru/data/pricelists/org-60/price-651.xml
"Героев Танкограда, 20/1",ftp://upload.v-zabote.ru/data/pricelists/org-60/price-652.xml
"Горького, 17/1",ftp://upload.v-zabote.ru/data/pricelists/org-60/price-653.xml
"Курчатова, 2/1",ftp://upload.v-zabote.ru/data/pricelists/org-60/price-654.xml
"Луценко, 1а",ftp://upload.v-zabote.ru/data/pricelists/org-60/price-655.xml
"Механическая, 38/1",ftp://upload.v-zabote.ru/data/pricelists/org-60/price-656.xml
"Машиностроителей, 10/1",ftp://upload.v-zabote.ru/data/pricelists/org-60/price-657.xml
"Копейское шоссе, 1/1",ftp://upload.v-zabote.ru/data/pricelists/org-60/price-658.xml
"Потребительская 1-я, 2/1",ftp://upload.v-zabote.ru/data/pricelists/org-60/price-659.xml
"Доватора, 1г/1",ftp://upload.v-zabote.ru/data/pricelists/org-60/price-660.xml
"Братьев Кашириных, 75/1",ftp://upload.v-zabote.ru/data/pricelists/org-60/price-661.xml
"Блюхера, 92",ftp://upload.v-zabote.ru/data/pricelists/org-60/price-662.xml
Дзержинского 81а,ftp://upload.v-zabote.ru/data/pricelists/org-60/price-964.xml
"Проспект победы, 4б",ftp://upload.v-zabote.ru/data/pricelists/org-60/price-965.xml
"Хлебозаводская, 1а",ftp://upload.v-zabote.ru/data/pricelists/org-61/price-663.xml
"Нефтебазовая, 23/1",ftp://upload.v-zabote.ru/data/pricelists/org-62/price-664.xml
"Артиллерийская, 136/1",ftp://upload.v-zabote.ru/data/pricelists/org-62/price-665.xml
"Мира, 67/1",ftp://upload.v-zabote.ru/data/pricelists/org-62/price-666.xml
"Механическая, 67/1",ftp://upload.v-zabote.ru/data/pricelists/org-62/price-667.xml
"Троицкий тракт 7км, 2/1",ftp://upload.v-zabote.ru/data/pricelists/org-62/price-668.xml
"Копейское шоссе, 33",ftp://upload.v-zabote.ru/data/pricelists/org-62/price-669.xml
"Новоэлеваторная, 51/1",ftp://upload.v-zabote.ru/data/pricelists/org-62/price-670.xml
"Меридиан, 100а",ftp://upload.v-zabote.ru/data/pricelists/org-62/price-671.xml
"Бродокалмакский тракт, 1/1",ftp://upload.v-zabote.ru/data/pricelists/org-62/price-672.xml
"Братьев Кашириных, 65/1",ftp://upload.v-zabote.ru/data/pricelists/org-62/price-673.xml
"Молодогвардейцев, 17/1",ftp://upload.v-zabote.ru/data/pricelists/org-62/price-674.xml
"Хлебозаводская, 7в/1",ftp://upload.v-zabote.ru/data/pricelists/org-62/price-675.xml
"г. Копейск, ул. Лихачева",ftp://upload.v-zabote.ru/data/pricelists/org-62/price-676.xml
"Городская, 72/1",ftp://upload.v-zabote.ru/data/pricelists/org-62/price-677.xml
"Труда, 185/1",ftp://upload.v-zabote.ru/data/pricelists/org-62/price-678.xml
Салтыкова 43/1,ftp://upload.v-zabote.ru/data/pricelists/org-62/price-679.xml
"Молодогвардейцев, 31/1",ftp://upload.v-zabote.ru/data/pricelists/org-62/price-680.xml
"Свердловский пр., 53а/1",ftp://upload.v-zabote.ru/data/pricelists/org-62/price-681.xml
"Братьев Кашириных, 129д/1",ftp://upload.v-zabote.ru/data/pricelists/org-62/price-682.xml
"Комсомольский проспект, 70/1",ftp://upload.v-zabote.ru/data/pricelists/org-62/price-683.xml
"Черкасская, 26/2",ftp://upload.v-zabote.ru/data/pricelists/org-62/price-684.xml
"Копейское шоссе,62/1",ftp://upload.v-zabote.ru/data/pricelists/org-62/price-685.xml
"Воровского, 28/1",ftp://upload.v-zabote.ru/data/pricelists/org-62/price-686.xml
"пл. МОПРа, 10/1",ftp://upload.v-zabote.ru/data/pricelists/org-62/price-687.xml
"Российская, 124",ftp://upload.v-zabote.ru/data/pricelists/org-62/price-688.xml
"Кузнецова, 1/1",ftp://upload.v-zabote.ru/data/pricelists/org-62/price-689.xml
"Парковая (Шершни), 10/2",ftp://upload.v-zabote.ru/data/pricelists/org-62/price-690.xml
"Жилая, 3",ftp://upload.v-zabote.ru/data/pricelists/org-62/price-691.xml
"Дачный пер., 30/1",ftp://upload.v-zabote.ru/data/pricelists/org-62/price-692.xml
"Героев Танкограда, 83",ftp://upload.v-zabote.ru/data/pricelists/org-62/price-693.xml
"пр. Ленина, 21в/1",ftp://upload.v-zabote.ru/data/pricelists/org-62/price-694.xml
"Доватора, 8/1",ftp://upload.v-zabote.ru/data/pricelists/org-62/price-695.xml
"пр. Ленина, 26/1",ftp://upload.v-zabote.ru/data/pricelists/org-62/price-696.xml
"пр. Победы, 2/1",ftp://upload.v-zabote.ru/data/pricelists/org-62/price-697.xml
"Братьев Кашириных, 98/1",ftp://upload.v-zabote.ru/data/pricelists/org-62/price-698.xml
"Молдавская, 12/1",ftp://upload.v-zabote.ru/data/pricelists/org-62/price-699.xml
"Труда, 168/1",ftp://upload.v-zabote.ru/data/pricelists/org-62/price-700.xml
"Свердловский тракт, 8/1",ftp://upload.v-zabote.ru/data/pricelists/org-62/price-701.xml
"Чайковского, 18/1",ftp://upload.v-zabote.ru/data/pricelists/org-62/price-702.xml
"Свердловский пр., 40а/1",ftp://upload.v-zabote.ru/data/pricelists/org-62/price-703.xml
"Дубравная,1/1",ftp://upload.v-zabote.ru/data/pricelists/org-62/price-704.xml
"Сортировочная, 5/1",ftp://upload.v-zabote.ru/data/pricelists/org-62/price-705.xml
"Хлебозаводская, 100",ftp://upload.v-zabote.ru/data/pricelists/org-62/price-706.xml
Победы проспект  43/1,ftp://upload.v-zabote.ru/data/pricelists/org-62/price-959.xml
"Копейск, Советов пос, 27/1 ",ftp://upload.v-zabote.ru/data/pricelists/org-62/price-966.xml
Победы проспект43/1,ftp://upload.v-zabote.ru/data/pricelists/org-62/price-1055.xml
"Копейск, Советов пос, 27/1",ftp://upload.v-zabote.ru/data/pricelists/org-62/price-1056.xml
"Кузнецова, 1/1",ftp://upload.v-zabote.ru/data/pricelists/org-62/price-1074.xml
"Кузнецова, 1/1",ftp://upload.v-zabote.ru/data/pricelists/org-62/price-1117.xml
"Кузнецова, 1/1",ftp://upload.v-zabote.ru/data/pricelists/org-62/price-1165.xml
"Кузнецова, 1/1",ftp://upload.v-zabote.ru/data/pricelists/org-62/price-1169.xml
"Машиностроителей, 9а",ftp://upload.v-zabote.ru/data/pricelists/org-63/price-707.xml
"Троицкий тракт, 9/2",ftp://upload.v-zabote.ru/data/pricelists/org-64/price-708.xml
"40 Лет Победы, 6/1",ftp://upload.v-zabote.ru/data/pricelists/org-65/price-709.xml
"Копейское шоссе, 1а/1",ftp://upload.v-zabote.ru/data/pricelists/org-66/price-717.xml
"Блюхера, 47/1",ftp://upload.v-zabote.ru/data/pricelists/org-67/price-710.xml
"Чайковского, 84/1",ftp://upload.v-zabote.ru/data/pricelists/org-67/price-711.xml
"Новороссийская, 122/1",ftp://upload.v-zabote.ru/data/pricelists/org-67/price-712.xml
"Тухачевского, 15/1",ftp://upload.v-zabote.ru/data/pricelists/org-67/price-713.xml
"Чичерина, 1/1",ftp://upload.v-zabote.ru/data/pricelists/org-67/price-714.xml
"Победы проспект, 120/1",ftp://upload.v-zabote.ru/data/pricelists/org-67/price-715.xml
"Энгельса, 21/1",ftp://upload.v-zabote.ru/data/pricelists/org-67/price-716.xml
Победы проспект 41/1,ftp://upload.v-zabote.ru/data/pricelists/org-67/price-960.xml
"Городская, 1/1",ftp://upload.v-zabote.ru/data/pricelists/org-68/price-718.xml
"Бажова, 35/1",ftp://upload.v-zabote.ru/data/pricelists/org-68/price-956.xml
"Меридиан, 1/1",ftp://upload.v-zabote.ru/data/pricelists/org-68/price-957.xml
"Копейское шоссе, 36/2",ftp://upload.v-zabote.ru/data/pricelists/org-68/price-963.xml
Героев Танкограда 52п/1,ftp://upload.v-zabote.ru/data/pricelists/org-69/price-991.xml
"Копейское шоссе, 1п/1",ftp://upload.v-zabote.ru/data/pricelists/org-70/price-719.xml
"Копейское шоссе, 1п/2",ftp://upload.v-zabote.ru/data/pricelists/org-70/price-720.xml
"Копейское шоссе, 38/1",ftp://upload.v-zabote.ru/data/pricelists/org-70/price-721.xml
Троицкий тракт 23/2,ftp://upload.v-zabote.ru/data/pricelists/org-70/price-722.xml
"Харлова, 4/1",ftp://upload.v-zabote.ru/data/pricelists/org-70/price-723.xml
"Бажова, 25/1",ftp://upload.v-zabote.ru/data/pricelists/org-71/price-724.xml
"Героев Танкограда, 51п/1",ftp://upload.v-zabote.ru/data/pricelists/org-72/price-725.xml
"Победы проспект, 302/1",ftp://upload.v-zabote.ru/data/pricelists/org-72/price-726.xml
"Черкасская, 15/1",ftp://upload.v-zabote.ru/data/pricelists/org-73/price-727.xml
"Хлебозаводская, 7а/1",ftp://upload.v-zabote.ru/data/pricelists/org-73/price-728.xml
"Румянцева, 2/1",ftp://upload.v-zabote.ru/data/pricelists/org-73/price-729.xml
"Даурская, 1/1",ftp://upload.v-zabote.ru/data/pricelists/org-73/price-730.xml
"50 лет ВЛКСМ, 30",ftp://upload.v-zabote.ru/data/pricelists/org-73/price-970.xml
"60 лет октября, 26/1",ftp://upload.v-zabote.ru/data/pricelists/org-73/price-1102.xml
"Челябинский электродный завод, 4/2",ftp://upload.v-zabote.ru/data/pricelists/org-73/price-1105.xml
"Свердловский тракт, 10/1",ftp://upload.v-zabote.ru/data/pricelists/org-74/price-731.xml
"Харлова, 1/1",ftp://upload.v-zabote.ru/data/pricelists/org-75/price-732.xml
"Механическая, 105/1",ftp://upload.v-zabote.ru/data/pricelists/org-75/price-733.xml
"Северная (Шершни), 40/1",ftp://upload.v-zabote.ru/data/pricelists/org-75/price-734.xml
"Героев Танкограда, 15/1",ftp://upload.v-zabote.ru/data/pricelists/org-75/price-735.xml
"Профинтерна, 58/1",ftp://upload.v-zabote.ru/data/pricelists/org-75/price-736.xml
"Победы проспект, 290/1",ftp://upload.v-zabote.ru/data/pricelists/org-75/price-737.xml
"Кузнецова, 1/1",ftp://upload.v-zabote.ru/data/pricelists/org-75/price-738.xml
"Гагарина, 1/1",ftp://upload.v-zabote.ru/data/pricelists/org-75/price-739.xml
Елькина 107а/1,ftp://upload.v-zabote.ru/data/pricelists/org-75/price-740.xml
Горького 18/1,ftp://upload.v-zabote.ru/data/pricelists/org-75/price-929.xml
"Мамина, 1/1",ftp://upload.v-zabote.ru/data/pricelists/org-75/price-954.xml
"Игуменка, 23/1",ftp://upload.v-zabote.ru/data/pricelists/org-75/price-967.xml
Шенкурская 9/1,ftp://upload.v-zabote.ru/data/pricelists/org-75/price-974.xml
"Блюхера, 97",ftp://upload.v-zabote.ru/data/pricelists/org-75/price-986.xml
"Кузнецова, 1/1",ftp://upload.v-zabote.ru/data/pricelists/org-75/price-1109.xml
"Кузнецова, 1/1",ftp://upload.v-zabote.ru/data/pricelists/org-75/price-1160.xml
"Кузнецова, 1/1",ftp://upload.v-zabote.ru/data/pricelists/org-75/price-1189.xml
"Кузнецова, 1/1",ftp://upload.v-zabote.ru/data/pricelists/org-75/price-1190.xml
"Героев Танкограда, 2д",ftp://upload.v-zabote.ru/data/pricelists/org-76/price-741.xml
"Центральная (шершни), 36/1",ftp://upload.v-zabote.ru/data/pricelists/org-77/price-742.xml
"Победы проспект, 55",ftp://upload.v-zabote.ru/data/pricelists/org-77/price-958.xml
"Доватора, 16",ftp://upload.v-zabote.ru/data/pricelists/org-79/price-745.xml
"Свердловский пр-т, 23а",ftp://upload.v-zabote.ru/data/pricelists/org-79/price-746.xml
"Солнечная, 12",ftp://upload.v-zabote.ru/data/pricelists/org-79/price-747.xml
"Молодогвардейцев, 62",ftp://upload.v-zabote.ru/data/pricelists/org-80/price-748.xml
"Островского, 64",ftp://upload.v-zabote.ru/data/pricelists/org-80/price-749.xml
Труда 203,ftp://upload.v-zabote.ru/data/pricelists/org-81/price-744.xml
Овчиникова 25,ftp://upload.v-zabote.ru/data/pricelists/org-83/price-769.xml
1-я окружная 3,ftp://upload.v-zabote.ru/data/pricelists/org-84/price-770.xml
Сулимова 75,ftp://upload.v-zabote.ru/data/pricelists/org-85/price-771.xml
Евтеева 3,ftp://upload.v-zabote.ru/data/pricelists/org-86/price-772.xml
"Свердловский проспект, 58",ftp://upload.v-zabote.ru/data/pricelists/org-87/price-917.xml
"Комунны, 82",ftp://upload.v-zabote.ru/data/pricelists/org-88/price-918.xml
"Блюхера, 85",ftp://upload.v-zabote.ru/data/pricelists/org-88/price-921.xml
"Кузнецова, 4",ftp://upload.v-zabote.ru/data/pricelists/org-88/price-922.xml
"Марченко, 17",ftp://upload.v-zabote.ru/data/pricelists/org-88/price-924.xml
 Проспект победы 348/1,ftp://upload.v-zabote.ru/data/pricelists/org-88/price-988.xml
Проспект победы 348/1,ftp://upload.v-zabote.ru/data/pricelists/org-88/price-1048.xml
"Энгельса, 65",ftp://upload.v-zabote.ru/data/pricelists/org-89/price-919.xml
"Кузнецова, 12",ftp://upload.v-zabote.ru/data/pricelists/org-89/price-923.xml
"Салютная, 10",ftp://upload.v-zabote.ru/data/pricelists/org-89/price-925.xml
"Мамина, 15",ftp://upload.v-zabote.ru/data/pricelists/org-89/price-926.xml
"Хохрякова, 21",ftp://upload.v-zabote.ru/data/pricelists/org-89/price-928.xml
"Комсомольский проспект, 74",ftp://upload.v-zabote.ru/data/pricelists/org-89/price-934.xml
"Салютная, 27",ftp://upload.v-zabote.ru/data/pricelists/org-89/price-936.xml
"Воровского, 6",ftp://upload.v-zabote.ru/data/pricelists/org-89/price-1028.xml
"Энтузиастов, 12",ftp://upload.v-zabote.ru/data/pricelists/org-90/price-920.xml
"Мамина, 17а",ftp://upload.v-zabote.ru/data/pricelists/org-91/price-927.xml
Ленина 2б,ftp://upload.v-zabote.ru/data/pricelists/org-93/price-930.xml
"40 лет Победы, 45",ftp://upload.v-zabote.ru/data/pricelists/org-95/price-931.xml
"Чичерина, 27",ftp://upload.v-zabote.ru/data/pricelists/org-96/price-932.xml
"Молдавская, 16",ftp://upload.v-zabote.ru/data/pricelists/org-97/price-933.xml
Героев Танкограда 57 п,ftp://upload.v-zabote.ru/data/pricelists/org-98/price-935.xml
Героев Танкограда 57п/1,ftp://upload.v-zabote.ru/data/pricelists/org-98/price-990.xml
Героев Танкограда 2д/1,ftp://upload.v-zabote.ru/data/pricelists/org-99/price-943.xml
"Артиллерийская, 134",ftp://upload.v-zabote.ru/data/pricelists/org-101/price-937.xml
"Горького, 36",ftp://upload.v-zabote.ru/data/pricelists/org-102/price-938.xml
"Ленина, 21",ftp://upload.v-zabote.ru/data/pricelists/org-103/price-939.xml
"3 Интернационала, 117",ftp://upload.v-zabote.ru/data/pricelists/org-104/price-940.xml
"3 Интернационала, 63",ftp://upload.v-zabote.ru/data/pricelists/org-105/price-941.xml
Героев Танкограда 2д/2,ftp://upload.v-zabote.ru/data/pricelists/org-106/price-944.xml
Бродокалмакский тракт 1/3,ftp://upload.v-zabote.ru/data/pricelists/org-106/price-953.xml
"Свердловский тракт, 18а/1",ftp://upload.v-zabote.ru/data/pricelists/org-106/price-971.xml
"Братьев Кашириных, 103",ftp://upload.v-zabote.ru/data/pricelists/org-107/price-946.xml
"Братьев Кашириных, 99а",ftp://upload.v-zabote.ru/data/pricelists/org-108/price-947.xml
Проспект победы 163,ftp://upload.v-zabote.ru/data/pricelists/org-108/price-1043.xml
"Пионерская, 7",ftp://upload.v-zabote.ru/data/pricelists/org-109/price-948.xml
"Университетский набережная, 32",ftp://upload.v-zabote.ru/data/pricelists/org-110/price-950.xml
"Университетский набережная, 38",ftp://upload.v-zabote.ru/data/pricelists/org-110/price-1004.xml
Бродокалмакский тракт 1/2,ftp://upload.v-zabote.ru/data/pricelists/org-112/price-952.xml
"Бажова, 33/1",ftp://upload.v-zabote.ru/data/pricelists/org-112/price-955.xml
"Лихачева, 17",ftp://upload.v-zabote.ru/data/pricelists/org-113/price-961.xml
Игуменка 187/2,ftp://upload.v-zabote.ru/data/pricelists/org-114/price-969.xml
"Гагарина, 35",ftp://upload.v-zabote.ru/data/pricelists/org-115/price-972.xml
"Комаровского, 11",ftp://upload.v-zabote.ru/data/pricelists/org-116/price-973.xml
Молодогвардейцев 7/1,ftp://upload.v-zabote.ru/data/pricelists/org-117/price-976.xml
Комсомольский проспект 94/4,ftp://upload.v-zabote.ru/data/pricelists/org-118/price-977.xml
"Свердловский проспект, 71 / Карла Либкнехта, 24",ftp://upload.v-zabote.ru/data/pricelists/org-119/price-978.xml
"Академика Сахарова, 12",ftp://upload.v-zabote.ru/data/pricelists/org-120/price-979.xml
"Академика Сахарова, 11",ftp://upload.v-zabote.ru/data/pricelists/org-121/price-980.xml
"Чичерина, 8",ftp://upload.v-zabote.ru/data/pricelists/org-122/price-981.xml
"40 лет Победы, 26",ftp://upload.v-zabote.ru/data/pricelists/org-123/price-982.xml
"Комсомольский проспект, 50",ftp://upload.v-zabote.ru/data/pricelists/org-124/price-983.xml
"Комсомольский проспект, 50",ftp://upload.v-zabote.ru/data/pricelists/org-124/price-1050.xml
"Комсомольский проспект, 50",ftp://upload.v-zabote.ru/data/pricelists/org-124/price-1051.xml
"Комсомольский проспект, 50",ftp://upload.v-zabote.ru/data/pricelists/org-124/price-1052.xml
"Комсомольский проспект, 50",ftp://upload.v-zabote.ru/data/pricelists/org-124/price-1053.xml
"Комсомольский проспект, 50",ftp://upload.v-zabote.ru/data/pricelists/org-124/price-1107.xml
"Комсомольский проспект, 50",ftp://upload.v-zabote.ru/data/pricelists/org-124/price-1108.xml
"Комсомольский проспект, 50",ftp://upload.v-zabote.ru/data/pricelists/org-124/price-1158.xml
"Комсомольский проспект, 50",ftp://upload.v-zabote.ru/data/pricelists/org-124/price-1159.xml
"Комсомольский проспект, 50",ftp://upload.v-zabote.ru/data/pricelists/org-124/price-1188.xml
"Комсомольский проспект, 50",ftp://upload.v-zabote.ru/data/pricelists/org-124/price-1284.xml
"Комсомольский проспект, 50",ftp://upload.v-zabote.ru/data/pricelists/org-124/price-1354.xml
"40 лет Победы, 16а",ftp://upload.v-zabote.ru/data/pricelists/org-125/price-984.xml
"Нефтебазовая, 14",ftp://upload.v-zabote.ru/data/pricelists/org-126/price-985.xml
Героев Танкограда 62п,ftp://upload.v-zabote.ru/data/pricelists/org-127/price-989.xml
Героев Танкограда 2д,ftp://upload.v-zabote.ru/data/pricelists/org-128/price-992.xml
Братьев Кашириных,ftp://upload.v-zabote.ru/data/pricelists/org-129/price-995.xml
Братьев Кашириных,ftp://upload.v-zabote.ru/data/pricelists/org-129/price-996.xml
"МОПРа площадь, 10",ftp://upload.v-zabote.ru/data/pricelists/org-130/price-997.xml
"Худякова, 12 к2",ftp://upload.v-zabote.ru/data/pricelists/org-130/price-998.xml
"Цвиллинга, 66б",ftp://upload.v-zabote.ru/data/pricelists/org-130/price-999.xml
"Победы проспект, 137",ftp://upload.v-zabote.ru/data/pricelists/org-130/price-1000.xml
Проспект победы 382а,ftp://upload.v-zabote.ru/data/pricelists/org-130/price-1001.xml
"Победы проспект, 137",ftp://upload.v-zabote.ru/data/pricelists/org-130/price-1002.xml
Проспект победы 382а,ftp://upload.v-zabote.ru/data/pricelists/org-130/price-1003.xml
Новороссийская 53,ftp://upload.v-zabote.ru/data/pricelists/org-131/price-1005.xml
Новороссийская 14,ftp://upload.v-zabote.ru/data/pricelists/org-132/price-1008.xml
"Дегтярёва, 96 / Жукова, 52",ftp://upload.v-zabote.ru/data/pricelists/org-133/price-1025.xml
Евтеева 7,ftp://upload.v-zabote.ru/data/pricelists/org-134/price-1034.xml
"Победы проспект, 384",ftp://upload.v-zabote.ru/data/pricelists/org-135/price-1049.xml
"Чичерина, 3а",ftp://upload.v-zabote.ru/data/pricelists/org-136/price-1054.xml
"Свердловский тракт, 3а/1",ftp://upload.v-zabote.ru/data/pricelists/org-137/price-1103.xml
"Свердловский тракт, 3а/2",ftp://upload.v-zabote.ru/data/pricelists/org-137/price-1104.xml
Свердловский тракт 10/2,ftp://upload.v-zabote.ru/data/pricelists/org-138/price-1106.xml
"Металлургов шоссе, 5п/2",ftp://upload.v-zabote.ru/data/pricelists/org-139/price-1157.xml
Хлебозаводская 5а,ftp://upload.v-zabote.ru/data/pricelists/org-140/price-1187.xml
